timestamp,caller,callee,duration
184,300,301,121
3920,512,299,670
5623,301,300,504
9252,401,457,-1
15466,512,0,5
15497,512,0,28
26400,19,47,619
31312,687,310,11
36265,300,301,74
37049,634,681,20
37663,466,183,2
37760,225,574,5
38151,584,582,0
38192,584,582,28
38277,466,183,3
38892,584,582,11
40020,466,42,55
40307,480,210,0
46698,267,269,0
46716,269,267,112
47697,678,470,18
48457,222,471,9
48684,222,471,2
48810,222,471,201
48972,152,405,110
49704,471,222,38
50727,289,578,5
50766,289,578,4
51682,289,578,1
53004,90,91,111
55017,269,267,67
55162,267,269,9
55423,669,283,83
56687,289,578,2
57599,42,466,45
58643,139,546,743
58753,139,546,743
60310,474,639,169
61083,289,578,2
61919,19,47,74
62972,341,89,22
63038,341,89,23
64118,278,31,8
64495,218,382,3
65089,514,278,2
65142,278,514,13
65147,172,640,659
65271,696,306,-1
65469,19,595,286
65769,382,218,104
65812,12,13,-1
65878,12,13,0
66881,256,845,55
68315,76,31,7
69368,72,73,143
69668,561,631,515
69727,12,13,-1
69794,12,13,0
70585,297,374,3
71000,289,578,0
71648,650,136,142
72171,12,13,-1
72238,12,13,0
72993,24,82,199
74623,121,288,2290
75319,289,752,18
76891,640,172,7
86180,81,374,36
88134,622,39,-1
112152,8,419,-1
112174,419,8,0
112197,8,419,0
112219,419,8,48
112247,622,39,34
112333,8,592,68
112406,39,622,3
112524,622,39,61
113127,668,252,-1
113261,252,668,28
117460,121,288,26
119224,651,623,0
119425,651,623,5
120175,651,623,5
120336,651,623,4
120489,623,651,105
122297,651,623,31
122429,49,171,101
123832,185,210,20
123841,622,39,99
124174,185,210,142
124255,720,342,-1
124287,342,720,52
124365,342,720,0
124412,90,91,604
125449,678,470,21
126529,714,243,-1
126835,714,243,-1
127501,491,208,2
127617,91,90,4
128286,208,491,2
128314,91,90,4
128912,467,207,0
128968,467,560,15
129270,491,208,3
129439,208,491,264
129685,243,714,57
129719,688,405,-1
130012,185,210,60
130470,90,91,81
131066,185,210,4
131076,185,210,2
131169,210,185,26
132569,744,133,44
133493,171,49,111
134196,424,785,0
136430,623,651,358
136618,128,208,-1
137011,49,357,358
138678,92,676,0
138700,92,676,0
139769,623,651,108
140489,623,651,365
140554,221,52,5
140651,771,547,27
140671,221,52,-1
141119,688,405,6
142767,225,337,-1
143341,49,357,307
143816,578,289,124
144260,208,0,19
144481,49,357,154
144798,59,438,103
144873,59,438,103
145039,337,225,475
145220,289,578,112
145295,152,405,0
145525,39,622,101
146227,96,190,2
146777,677,652,0
146786,677,652,3
146838,89,341,24
146934,27,371,2
147024,301,300,23
147053,652,677,53
147288,342,401,109
147326,401,169,58
147385,449,47,203
147426,401,169,58
147785,449,47,41
147811,401,342,87
148269,167,423,-1
148551,167,423,2
148605,12,492,112
148941,49,48,69
149998,267,268,165
150303,652,677,-1
150362,4,424,16
151363,645,235,-1
151385,235,645,63
152084,567,386,33
153670,39,622,2
153780,622,39,-1
153818,622,39,-1
154130,39,622,231
154712,91,90,273
155233,441,580,48
155621,580,441,2
155782,21,20,0
155791,21,20,0
155963,21,20,0
156120,390,683,0
156121,21,20,18
159260,341,89,0
162192,424,266,171
175325,289,578,21
182142,512,36,3
200263,643,567,0
200731,289,752,3
201201,91,90,343
202334,111,421,27
206862,595,19,35
207005,172,640,3
207224,788,394,-1
207448,394,788,2
207544,788,394,71
210658,495,420,1029
210736,495,420,1029
212403,468,116,14
212511,683,390,-1
212563,683,363,63
213344,354,666,22
215174,390,683,0
215904,273,397,3
215962,194,294,19
215979,0,512,3
215981,273,585,1
216042,273,585,1
216106,678,470,3
216114,397,273,42
216179,678,470,0
216219,36,512,45
216235,36,512,-1
216582,470,678,40
216901,812,179,10
217212,190,372,22
217712,140,830,2
217802,136,137,25
217855,137,136,134
217913,140,830,2
217943,140,830,0
218524,701,248,46
219286,221,4,82
219412,221,4,82
220068,8,419,0
220107,8,419,0
220149,688,158,30
220436,420,495,-1
220503,420,495,3
222220,428,206,133
222761,812,656,24
224147,595,19,34
224492,495,420,5
224679,495,420,43
224756,495,420,43
225162,420,495,1057
225226,420,495,1057
225236,623,651,229
227013,20,21,128
227391,578,289,128
229644,289,578,7
229737,505,572,50
229835,589,291,0
229960,578,289,75
229966,572,505,0
229979,572,505,0
229983,572,505,0
229998,572,505,2
230026,572,505,16
230349,88,572,36
230405,88,572,10
230772,362,495,0
232717,401,190,2
233184,267,269,66
234247,623,651,521
234395,267,269,56
234591,494,57,-1
234637,225,337,-1
236231,49,48,76
236309,678,470,84
237052,845,256,48
237532,337,225,3
237542,337,225,144
238405,269,267,9
238441,269,267,31
238911,256,845,17
238994,391,617,478
239237,27,371,98
241564,337,225,59
244081,420,495,273
244147,420,495,271
244473,578,176,1300
244575,96,780,30
245801,20,21,364
246735,455,129,-1
247608,91,90,0
248392,21,20,4
249880,39,622,9
251396,21,20,2
252604,20,21,21
255168,578,289,62
256773,21,20,1
256797,21,20,0
286064,428,206,0
287444,640,172,0
288011,567,676,23
288048,428,206,79
288154,20,442,2
288219,428,206,0
288256,428,206,30
288852,206,428,3
288927,428,206,41
291458,639,474,-1
291509,474,639,0
292837,435,782,33
294956,495,420,40
295032,495,420,40
295753,185,210,44
296020,299,237,33
297711,51,75,-1
298589,51,75,-1
299129,388,506,51
299142,356,210,0
299180,356,210,0
299885,356,210,0
299943,185,356,3
300092,356,210,60
300155,356,210,60
300934,75,51,197
301043,472,537,3
301434,736,207,-1
301752,145,146,83
301854,644,415,44
301969,19,595,55
302192,554,638,36
302225,214,430,44
302294,415,158,2
302388,21,20,48
302705,6,406,52
303043,557,419,19
303266,63,805,148
303314,289,578,55
303373,638,554,11
303887,670,344,10
304184,670,344,53
305430,405,152,19
305486,682,383,64
306015,289,752,26
309620,278,335,27
309968,656,179,36
311512,643,92,67
311559,279,617,84
311708,279,617,98
311714,569,465,3
312354,623,651,1328
312882,301,300,26
313903,266,418,83
314403,569,465,2
314827,444,801,13
314950,801,444,99
315676,304,163,25
315677,569,465,1
317799,289,578,1
318167,145,146,-1
318189,145,146,0
318219,289,578,46
318255,145,146,-1
318321,697,202,22
318581,146,145,1440
320040,145,146,995
320491,289,578,14
320538,403,268,2
321010,91,90,4
321053,90,91,127
322254,390,683,0
322847,289,578,92
323689,289,578,194
324404,652,677,-1
324444,39,622,39
324820,335,278,14
324945,278,335,7
324959,278,335,6
324990,278,335,9
325241,677,652,0
325258,677,652,2
326026,267,403,24
326268,449,47,3
326282,449,47,3
326615,267,403,7
327205,622,39,118
327762,260,459,-1
327798,459,260,75
328053,652,677,-1
328846,677,652,3
329628,23,51,21
330511,677,652,2
331891,521,268,205
332177,420,495,-1
332240,677,652,1
332242,420,495,3
334209,33,709,26
334309,21,20,2
334357,20,21,463
338138,495,420,123
338216,495,420,123
338816,49,48,218
339421,405,688,65
340325,632,491,0
341081,420,495,-1
341147,420,495,3
342619,420,495,-1
342683,420,495,1
343159,301,300,0
373301,527,314,2
373397,314,527,201
373404,314,527,0
373415,688,405,25
374067,805,459,21
374639,575,50,159
376552,638,554,-1
378887,397,212,21
378917,541,367,53
379294,424,785,89
379393,212,397,1
379402,397,212,68
380917,640,172,57
381440,397,212,0
382141,204,64,54
382479,551,640,28
382664,640,95,28
382988,640,172,71
383467,474,304,39
383555,95,640,0
383745,95,640,51
383797,356,210,0
383827,356,210,0
383832,381,416,18
383873,356,210,2
383906,356,185,4
383927,356,210,2
383988,356,210,1
384052,356,210,-1
384271,356,185,47
385105,128,208,-1
386814,445,199,28
387751,147,492,2
387865,492,147,0
388090,561,631,59
388289,21,20,40
388476,561,631,19
388544,543,403,17
388785,289,578,1
389068,615,507,4
389195,424,785,30
389303,845,228,29
389508,615,507,4
389563,444,801,2
391077,495,420,248
391616,569,465,87
392238,521,268,25
392248,578,289,35
392311,399,469,-1
392453,268,521,37
392607,97,578,0
392618,97,578,0
392628,97,578,73
393278,578,97,24
393812,399,469,-1
394394,185,356,38
394588,588,395,0
395102,572,505,0
395541,720,342,170
396459,578,289,2
396479,289,578,171
397273,446,106,287
398151,207,560,24
398939,207,560,9
399003,652,677,12
401327,651,623,83
401446,651,623,208
401535,586,774,19
402460,207,560,0
402499,560,207,11
403971,379,339,31
403990,420,495,-1
404428,289,578,135
404998,301,300,40
405327,495,420,154
405521,39,622,4
405625,136,137,0
405743,39,622,147
405772,194,294,51
406331,539,526,-1
406728,557,419,5
406769,557,8,0
406787,8,557,24
406793,39,622,46
407741,39,622,0
407783,39,622,60
407997,48,49,2
408109,49,48,76
410290,48,49,2
411314,681,634,42
412277,634,681,21
414898,314,527,5
416852,561,173,7
418016,91,90,154
418167,557,419,0
418347,335,278,57
418350,90,91,68
422609,300,301,14
422883,21,20,2
422931,21,20,3
423076,21,20,2
423557,21,20,1
423744,21,20,3
424112,21,20,4
424365,21,20,2
424431,21,20,1
424496,21,20,1
424595,20,21,12
427591,173,561,340
428497,21,20,0
428516,21,20,0
428538,21,20,0
430727,207,677,2
430818,207,677,43
431083,173,561,340
453838,221,324,2
453868,221,324,2
453902,221,324,2
453990,221,324,-1
454023,221,324,-1
454395,221,324,2
454515,221,324,-1
455049,221,324,2
455168,221,324,-1
455583,221,324,2
455701,221,324,-1
456201,221,324,3
456320,221,324,-1
456620,221,324,9
456739,221,324,-1
457183,221,324,4
457302,221,324,-1
458259,297,374,35
461827,405,688,22
463439,301,300,10
465852,636,473,24
466590,396,641,16
466762,656,179,81
467591,444,402,-1
467722,402,444,0
467836,474,639,0
470774,677,652,2
471117,49,357,0
471130,677,207,0
471145,677,207,0
471788,652,677,-1
472014,677,652,2
472270,91,90,0
472371,90,91,71
472871,652,677,-1
472923,677,652,92
473169,49,357,110
473424,623,651,4
474042,640,95,72
474433,628,116,34
475140,152,405,0
475182,405,152,3
475191,21,20,-1
475228,152,405,6
475282,152,405,24
475328,21,20,-1
475419,557,419,2
475441,341,504,3
475448,21,20,-1
476045,91,90,396
476099,8,557,11
476240,465,569,49
476351,578,289,108
476463,651,623,6
476960,386,92,74
477391,549,161,60
477435,269,543,0
477995,95,640,0
478162,95,640,23
478336,292,325,28
478675,91,90,1
478904,424,266,3
478978,49,357,50
479231,267,403,71
479233,49,357,11
479355,260,459,88
479655,289,578,2
479838,455,282,20
480099,455,282,2
480552,578,289,1
480586,289,578,0
480605,289,578,0
480607,578,289,69
480763,657,236,-1
480819,466,269,96
482593,119,175,2
483180,623,651,195
483591,405,152,0
484425,688,405,6
485361,88,254,66
485414,331,257,340
485664,175,119,26
486027,485,472,0
486577,521,268,26
486985,267,403,52
487033,13,583,2
487123,13,583,-1
487197,240,406,25
487806,91,90,114
487921,58,672,0
488498,634,681,52
488701,671,813,0
489013,682,405,15
489112,280,485,52
489241,175,119,26
489351,58,672,0
490384,589,291,0
493352,569,465,11
493874,711,200,-1
494025,49,48,134
495427,695,317,94
496197,355,538,58
496244,152,688,27
496504,688,405,0
496619,244,25,65
496835,106,446,4
500503,289,578,24
501274,289,578,29
503338,136,137,7
503729,466,412,23
504623,382,218,132
506286,564,254,14
507349,109,308,166
507905,342,372,0
507912,342,372,2
511578,744,80,-1
513234,131,280,0
515899,301,300,107
515943,37,36,10
515966,48,49,-1
516208,36,37,876
517810,49,357,59
518065,79,201,1
518097,201,79,9
518390,49,357,15
519672,405,688,19
522287,744,80,72
523145,678,470,129
523723,131,280,0
523933,289,578,22
525932,131,809,10
526143,131,280,0
526614,280,131,342
527335,280,131,473
528168,300,301,12
528177,622,39,676
528268,300,301,2
528303,300,301,0
528307,301,300,53
528866,39,622,513
542681,540,265,-1
548306,143,310,0
548343,310,143,0
553441,697,202,-1
553471,202,697,84
553738,507,615,3
553799,615,507,104
555924,91,90,166
557227,345,396,3
558235,33,242,0
561485,289,578,49
561509,6,27,2
561985,289,578,100
562275,420,495,93
563086,560,359,188
563661,27,6,8
563772,678,470,4
564936,388,506,15
565784,388,506,15
566071,681,634,-1
566139,56,506,60
566206,56,506,59
567106,495,420,12
567121,506,56,13
567308,56,506,9
567374,56,506,9
567668,283,580,0
569453,177,100,21
569565,283,441,-1
569633,678,470,0
569643,678,470,0
569660,678,470,4
569686,678,470,2
569722,678,470,2
569750,143,310,21
570068,485,472,33
570500,678,470,4
570627,470,678,102
572113,151,69,5
572120,151,69,0
573445,96,583,3
573486,583,96,0
573497,96,583,2
573642,283,580,130
573807,283,441,-1
573858,236,472,7
574068,310,143,13
574160,503,13,-1
574239,503,13,0
574495,405,688,39
574951,441,283,250
575098,405,688,0
576348,661,683,43
577090,272,166,60
577176,166,272,4
577226,272,166,46
577323,166,272,15
578480,371,578,27
578497,37,36,240
579267,85,446,146
579380,578,371,0
579462,578,371,0
579883,578,371,0
579911,578,371,0
580367,166,272,24
580413,537,472,11
580513,272,166,2
580965,13,503,0
581043,503,13,-1
581054,13,503,-1
581078,503,13,0
581111,503,13,24
581123,503,13,0
581188,503,13,24
582048,472,194,39
583205,151,69,0
584221,492,147,55
586354,677,324,63
587509,346,636,246
590533,221,107,0
590652,221,107,-1
590703,147,492,2
591103,120,314,2
591173,772,218,38
591308,314,120,2
591383,120,314,13
591563,120,314,2
591679,37,36,25
591688,314,120,53
594099,301,300,108
594297,242,33,27
594317,580,283,14
594679,578,176,0
595944,289,578,1
596635,147,492,46
598233,147,492,51
598861,492,147,0
598918,147,492,20
601403,405,688,157
601819,289,578,0
605502,677,207,0
605598,677,207,0
605696,798,472,-1
607771,845,486,-1
607827,845,486,-1
608446,268,521,493
609183,578,176,2
609692,96,109,-1
611505,69,263,29
615104,96,780,4
615241,780,96,111
616063,300,301,87
629377,491,208,40
631921,491,285,21
642583,615,507,25
642788,324,221,120
642997,324,263,85
643613,263,221,87
644576,623,651,1203
644902,263,221,2
645116,263,324,15
645233,263,324,8
645609,263,221,3
645683,324,221,2
645739,466,173,6
646759,623,651,179
646968,263,221,4
647013,221,263,39
651123,681,634,13
652392,208,491,0
652572,13,503,260
652577,13,503,0
652660,13,503,260
652811,20,21,-1
653201,615,507,42
653329,21,20,18
655691,491,208,39
656113,521,268,463
657194,420,495,306
657399,386,643,-1
657468,92,567,-1
658297,639,474,-1
658317,474,639,26
658462,471,68,0
658764,19,595,155
659697,639,474,25
659779,569,465,70
660044,569,465,13
661424,420,495,18
661758,139,546,3
662096,214,430,14
662139,214,430,72
662253,430,214,2
662294,214,430,25
662981,300,301,2
663009,300,301,3
663043,300,301,1
663090,300,301,0
663301,546,139,157
663418,546,139,157
664802,472,485,29
665134,382,218,800
665512,474,57,2
666846,485,280,40
666929,466,689,3
666961,491,208,4
667111,273,262,114
667776,95,551,0
667890,95,551,2
667921,551,95,48
667975,688,405,0
668559,551,95,19
668982,136,137,81
669117,139,546,54
669246,139,546,55
672204,406,6,104
672323,657,459,61
672414,657,489,117
672448,485,280,0
672489,449,47,84
672588,485,280,12
674040,513,405,18
674305,152,405,9
675463,289,578,35
675773,19,595,246
677056,640,172,713
677856,420,495,-1
678405,19,595,227
679408,436,522,8
679873,37,36,174
680404,623,651,572
680628,495,420,126
681907,623,651,349
681924,92,567,-1
682409,522,436,1245
683185,36,37,4
683328,106,559,64
683513,37,36,15
687044,681,634,-1
688867,634,681,146
696085,401,457,3
697190,457,401,0
697361,401,457,13
697447,401,457,3
698862,379,584,0
718649,601,340,61
719904,207,677,4
720150,707,331,0
720429,267,403,22
721232,52,295,35
721864,688,405,61
724014,560,207,0
724299,560,736,2
724501,207,560,0
724612,560,207,0
724926,736,560,21
725073,202,697,46
725432,471,68,35
725512,448,208,27
725936,634,681,0
726145,688,405,38
726656,681,634,-1
727495,325,427,2
727570,325,427,16
727812,36,512,34
728819,164,304,11
729178,681,634,-1
729248,678,470,2
729696,567,92,24
730132,634,681,55
730806,145,146,18
731853,666,354,30
731935,666,354,31
734119,88,572,8
734527,560,359,74
734639,359,560,10
735538,289,578,156
737000,788,394,18
737030,551,95,28
737031,639,474,30
737399,557,419,-1
738344,331,257,23
738811,551,394,0
738848,394,551,35
739337,90,91,3
739642,623,651,58
740011,331,257,0
740956,325,292,0
741181,449,47,3
742067,301,300,0
742377,586,129,0
743047,491,632,13
743523,263,190,5
743538,263,190,2
743648,49,3,39
743889,192,203,0
744018,133,299,4
744029,133,237,12
746011,37,69,26
746938,578,289,130
748626,436,522,3
749800,93,562,0
750112,47,449,92
750207,152,405,27
750626,152,405,6
751472,703,474,0
751859,272,166,181
752073,397,273,6
752412,136,137,0
752488,137,136,12
752820,144,560,26
752925,560,144,2
753421,218,382,13
753673,401,190,2
753889,500,364,2
754127,364,500,42
754273,617,391,120
755470,144,560,8
755775,266,4,0
755905,266,4,0
756042,266,4,2
756046,4,266,42
756052,266,4,89
757404,531,250,4
757441,359,560,7
758048,531,250,3
759833,681,634,45
760211,222,471,88
762072,250,531,27
762372,634,681,3
762424,358,90,1185
764453,95,640,4
764650,640,95,672
765331,102,364,92
765600,95,172,8
765910,221,52,138
765942,640,95,132
766237,172,95,209
770618,92,567,0
772331,166,165,32
772372,521,268,279
773940,595,19,412
810445,743,100,-1
810620,743,100,-1
810825,743,100,78
812242,24,82,-1
812475,82,24,81
812847,36,512,4
812917,171,49,1
813001,171,49,2
813005,267,403,0
813651,780,96,90
814259,321,322,0
814547,36,512,0
814596,36,512,0
816099,271,178,12
817530,324,263,-1
817968,263,324,0
817978,386,92,23
818314,449,47,137
820863,141,97,61
820950,628,116,19
821312,343,262,-1
821433,543,269,-1
821501,262,343,3
821635,262,343,95
821848,640,172,6
822767,17,807,3
822827,262,343,3
822857,262,343,13
822898,262,343,7
822916,262,343,0
822968,294,52,6
822977,294,52,0
823273,799,549,11
823327,807,17,33
823868,324,263,180
824624,420,495,109
824795,502,66,2
824863,502,66,-1
825071,812,179,-1
825223,531,250,3
825248,812,179,-1
825701,66,502,132
826496,812,179,0
826519,179,812,70
828111,595,19,155
828259,157,528,17
828276,157,772,2
828865,420,495,318
829012,297,374,11
829227,495,420,176
829462,449,47,3
829463,88,254,2
829500,254,88,6
830234,615,507,42
830682,507,615,20
831074,599,645,17
831641,615,507,6
831707,507,615,26
832053,12,244,36
832072,289,578,157
832530,289,578,1
832674,578,289,34
833910,623,651,18
833922,623,651,-1
836869,157,772,16
837079,701,413,41
837872,701,413,31
838251,701,413,488
838747,120,314,40
839390,321,322,-1
839509,557,419,37
839592,420,98,39
839697,104,288,256
839760,104,288,256
840049,220,360,24
840078,571,556,24
840375,104,288,580
840437,104,288,580
842645,166,272,0
842869,491,208,45
842899,335,278,25
843816,272,166,343
844270,403,267,0
844604,622,39,84
846414,47,449,3
848510,271,178,73
850665,22,668,77
851142,491,208,0
852459,93,481,585
853729,668,22,0
853736,668,22,11
853743,668,22,-1
855842,413,248,5
855907,639,474,183
895924,584,379,36
899429,682,405,9
899804,379,584,5
899912,435,782,36
900474,628,116,45
900544,569,465,44
901523,678,470,20
901909,51,75,-1
902488,572,505,2
903532,607,334,2
904240,388,506,34
905542,607,334,2
905577,289,578,1
905605,289,578,3
905741,805,63,70
906385,644,312,0
906462,607,334,1
906644,94,158,-1
907095,334,607,26
907390,567,676,75
907701,394,788,49
908080,119,122,3
908360,701,174,0
908386,701,174,0
909591,91,90,2
910135,94,158,14
910165,158,688,55
910298,405,152,3
910464,405,152,5
910489,682,405,46
911081,701,174,138
912304,535,240,0
913598,701,174,0
913615,701,174,102
917232,289,578,5
917247,301,300,15
918076,48,49,-1
918196,48,49,-1
918300,49,48,178
919108,623,651,4
919143,401,190,-1
919155,651,623,723
919240,190,401,28
920424,304,164,0
920517,549,799,30
921381,225,337,59
921413,120,314,25
921728,301,300,15
924848,703,474,0
925042,474,703,53
925606,598,70,130
925823,256,553,-1
925863,492,12,2
925874,331,257,139
926138,256,553,-1
926218,492,12,1
926893,19,47,286
927163,785,424,-1
927186,424,785,2
927210,158,94,228
927215,785,424,-1
927274,561,631,307
927431,688,178,454
930059,144,560,43
930833,512,36,249
932506,491,208,5
932881,144,560,6
933869,300,301,45
935671,90,358,4
935841,358,90,384
936074,23,51,2
936108,23,51,2
936978,36,37,2
937305,39,622,122
940222,521,268,19
941300,227,174,0
941843,227,174,0
942224,227,174,0
942453,201,355,0
943344,289,578,25
944135,572,505,331
944960,300,301,19
945107,634,681,53
947421,571,556,186
952593,457,401,-1
952647,401,190,-1
959131,457,401,38
959345,457,401,22
973274,21,20,0
983869,258,561,154
986082,299,237,43
986252,63,805,39
987233,37,36,-1
987237,258,561,154
987272,36,37,0
987358,37,36,408
987378,12,244,-1
987514,90,64,23
987888,90,91,155
988086,90,358,5
988190,90,358,34
988201,90,358,-1
988556,90,91,5
989182,90,91,2
989223,91,90,203
989683,37,36,33
990424,427,325,0
990436,427,325,0
992674,300,301,0
992986,221,4,17
994262,49,48,3
994567,90,91,348
994570,799,549,66
994722,799,549,14
994932,394,788,37
995338,106,672,0
995364,106,446,463
995633,48,49,-1
995696,98,495,-1
995763,98,495,0
995932,98,420,297
996030,645,155,0
996163,90,358,58
996321,420,98,356
996360,678,470,1
996457,190,401,8
996769,695,215,17
996789,485,180,58
997117,37,301,43
997377,358,90,700
998379,382,218,0
998401,495,98,5
998440,98,495,169
998481,495,98,-1
998505,98,495,169
998819,90,91,762
998914,354,666,10
998980,354,666,10
999422,354,666,9
999486,354,666,8
999510,592,8,0
999652,218,382,91
999690,90,358,15
1000566,69,37,11
1000926,485,180,0
1001287,98,420,382
1001360,805,63,63
1002011,420,98,200
1002554,598,263,-1
1002843,485,472,0
1003309,485,472,108
1004531,19,47,0
1004653,19,595,2
1005017,495,420,4
1005044,495,420,3
1005339,420,495,260
1006162,227,436,0
1006720,485,180,24
1006776,485,180,16
1007345,185,356,3
1008517,472,611,19
1008903,651,623,151
1009042,569,465,33
1009312,263,401,82
1009759,401,263,108
1009854,379,584,4
1009929,582,339,54
1010057,301,300,0
1010117,272,166,0
1010190,263,308,78
1010358,263,625,1
1010449,436,227,3
1010467,263,401,0
1010480,263,401,333
1010621,645,235,83
1010736,133,744,32
1010739,235,786,0
1010761,272,166,39
1010917,263,308,94
1010997,235,786,16
1011060,263,625,1
1011136,263,625,0
1011171,625,263,113
1011513,308,109,0
1011575,688,158,342
1011728,166,272,5
1011733,263,217,62
1011790,405,682,220
1011791,221,348,65
1011825,272,166,18
1011881,263,173,6
1011913,221,672,53
1011926,263,173,85
1012098,324,589,49
1012152,263,308,3
1012171,263,308,83
1012275,569,465,-1
1012328,221,300,50
1012334,52,259,30
1012345,449,47,-1
1012472,221,381,-1
1012478,52,418,38
1012479,36,524,76
1012528,221,344,3
1012571,52,692,39
1012659,465,569,3
1012687,52,692,40
1012692,569,465,91
1012712,263,457,72
1012742,221,344,70
1012832,52,295,46
1012848,420,495,859
1012857,36,37,2
1012861,176,797,40
1012909,221,381,-1
1012921,324,395,68
1012963,221,266,4
1012992,221,15,88
1013330,657,489,53
1013517,52,653,54
1013525,263,109,67
1013636,266,221,-1
1013642,52,541,57
1013758,266,221,58
1013969,39,622,4
1014032,263,550,72
1014072,221,381,-1
1014075,786,128,-1
1014144,263,190,53
1014183,128,786,150
1014196,221,100,40
1014275,221,743,60
1014360,221,381,-1
1014729,221,381,-1
1014758,221,4,70
1014834,263,372,2
1014858,221,373,60
1014876,263,372,69
1015091,52,513,55
1015148,221,381,-1
1015833,262,92,101
1015951,551,95,46
1016103,639,474,-1
1016113,262,397,55
1016138,561,258,91
1016186,272,166,26
1016194,262,754,68
1016204,221,381,-1
1016298,262,95,52
1016318,262,273,58
1016611,221,381,-1
1016675,622,39,10
1016859,49,48,68
1016926,221,58,92
1017049,262,551,50
1017393,551,95,60
1017421,144,560,210
1017448,381,221,246
1017642,39,622,75
1017878,272,166,13
1018030,289,578,15
1018087,381,221,129
1018105,289,578,68
1018298,221,598,32
1019098,128,208,49
1019374,449,47,34
1019467,561,258,2
1019512,561,258,91
1019791,46,47,21
1019911,561,258,4
1020139,147,492,54
1020147,19,595,188
1020218,289,578,65
1020275,301,37,53
1020294,519,663,43
1020379,37,36,374
1020413,492,13,-1
1020486,492,13,0
1020510,297,374,53
1020549,492,606,268
1020654,424,266,7
1021043,480,556,4
1021083,88,378,0
1021137,378,88,23
1021246,615,507,0
1021258,507,615,3
1021277,507,615,3
1021296,615,507,114
1021672,507,615,70
1021814,556,480,191
1021853,69,186,25
1022110,378,88,21
1022173,88,627,0
1022173,122,175,0
1022196,122,175,4
1022843,561,258,-1
1023293,561,258,-1
1023405,551,95,24
1024874,634,681,96
1024951,6,406,107
1025598,424,266,60
1025781,122,175,-1
1026091,243,217,0
1026097,243,217,0
1026108,243,217,0
1026114,243,217,0
1026127,243,217,2
1029749,424,785,3
1029847,424,785,92
1029960,37,301,62
1030908,109,457,19
1030924,785,424,-1
1030991,785,424,59
1031127,98,495,168
1031138,785,424,24
1031306,495,420,134
1031431,645,235,-1
1032727,235,645,93
1033414,109,457,10
1033472,109,457,35
1033655,109,457,4
1033697,109,457,0
1033812,645,235,-1
1034034,235,645,3
1034493,109,457,4
1034544,109,96,123
1034731,109,96,123
1034737,109,457,19
1034784,109,457,6
1034933,109,457,40
1035476,37,301,0
1036070,109,457,7
1036169,109,457,5
1036360,109,457,0
1036439,109,457,0
1037466,736,560,-1
1038266,560,736,0
1039393,736,560,39
1040419,297,374,28
1043213,36,37,0
1044962,36,401,3
1045006,36,401,250
1056866,37,36,-1
1056908,37,36,6
1064019,364,102,7
1064082,364,102,6
1064431,95,551,7
1064529,364,102,23
1064595,364,102,23
1065332,246,188,0
1065493,23,51,36
1065619,173,631,83
1066822,282,455,2
1069009,297,374,4
1069068,374,297,40
1070080,331,257,3
1070122,257,331,33
1070678,235,786,45
1071546,335,278,1
1071833,278,335,3
1071975,21,20,0
1072008,21,20,0
1072047,335,278,15
1072056,21,20,0
1072147,21,20,0
1072184,374,297,17
1073014,144,560,0
1073233,545,830,34
1073561,481,93,-1
1073571,560,144,1
1073817,638,554,-1
1074293,666,354,2
1074395,666,354,-1
1074545,560,207,0
1074883,467,207,0
1076677,578,289,2
1077027,339,379,-1
1077079,339,379,27
1077104,339,584,5
1077188,379,339,23
1079172,133,744,36
1079335,774,586,41
1079580,507,615,51
1079786,507,615,31
1079876,578,289,-1
1079919,449,47,39
1080295,360,220,-1
1080305,91,90,23
1080327,507,615,3
1080414,176,578,125
1080471,91,90,5
1080478,91,90,0
1080542,507,615,11
1080647,676,567,0
1080925,543,269,-1
1080965,269,543,48
1081100,115,13,-1
1081256,47,449,33
1081263,390,683,92
1081310,47,449,18
1081430,47,46,38
1081512,304,57,2
1081549,304,494,0
1081750,326,311,-1
1081809,676,567,0
1081987,419,557,0
1082027,419,557,0
1082069,419,557,0
1082237,676,567,65
1082314,47,46,18
1082364,339,582,4
1082413,582,339,16
1082694,531,250,48
1082730,308,109,81
1082805,687,265,68
1082907,308,109,81
1083011,263,221,1
1083159,670,344,85
1083508,578,97,0
1083543,578,97,2
1084517,492,606,-1
1085596,569,465,41
1085777,308,109,91
1085955,308,109,91
1086607,47,449,4
1086631,47,449,3
1086639,144,560,173
1087051,203,192,41
1087062,4,221,1
1087503,783,328,-1
1088108,4,221,-1
1088113,4,221,12
1088181,221,4,5
1088211,4,221,0
1088400,681,111,-1
1088469,531,595,2
1088480,681,373,159
1088645,225,436,0
1088913,494,57,34
1088942,81,263,-1
1088987,492,606,29
1089008,266,424,2
1089221,424,266,112
1089626,681,373,34
1089687,6,27,0
1090785,225,197,4
1091168,197,225,149
1091366,744,133,-1
1091460,424,785,2
1091513,301,186,-1
1091541,744,133,111
1091570,186,301,59
1091639,243,648,44
1091743,681,373,16
1091769,301,69,-1
1091770,606,492,25
1091899,301,186,40
1091934,424,785,2
1091960,424,785,0
1091978,561,631,135
1091979,301,69,66
1092151,478,510,-1
1092505,510,478,8
1092529,492,606,36
1092605,478,510,27
1092668,109,96,19
1092723,131,485,0
1092751,485,131,0
1092754,131,485,61
1092856,109,96,18
1092895,46,47,0
1092899,46,47,0
1092955,492,606,25
1093312,521,358,-1
1093633,622,39,-1
1093785,243,648,99
1093828,591,417,0
1093833,591,417,0
1094013,39,622,4
1094123,622,39,291
1094443,243,657,72
1094635,278,335,38
1094641,243,657,5
1094697,657,243,73
1095030,301,37,3
1095187,301,69,81
1095240,3,357,4
1095620,14,421,33
1095715,351,798,29
1095794,785,424,309
1095922,259,418,2
1095942,301,37,2
1095948,259,418,0
1096037,301,69,35
1096279,37,301,80
1096287,457,109,14
1096530,697,202,73
1096667,559,453,60
1096675,559,453,65
1097235,335,278,37
1097294,108,136,184
1097321,631,561,2
1097847,561,631,41
1098228,268,267,37
1098553,135,605,-1
1098671,108,136,141
1099035,441,283,0
1099057,311,326,54
1099077,311,326,0
1099114,283,441,-1
1099154,678,470,0
1099184,678,470,0
1099277,561,631,-1
1099322,678,470,2
1099440,358,521,1
1099678,561,631,26
1099748,678,470,2
1100100,678,470,16
1100107,521,358,0
1100247,567,676,44
1100301,95,172,0
1100441,74,49,2
1100496,567,676,32
1100562,567,386,-1
1100587,386,567,0
1100594,567,92,48
1100642,405,688,0
1100765,49,74,12
1101058,449,46,2
1101144,534,360,120
1101219,288,49,2
1101318,288,49,-1
1101322,288,49,41
1101380,567,92,-1
1101412,567,386,43
1101419,288,49,41
1101527,108,136,2
1101583,605,135,2
1101588,108,136,3
1101618,108,136,2
1101662,108,798,0
1101676,288,49,2
1101703,288,49,0
1101743,798,108,87
1101773,288,49,0
1101778,676,92,2
1101786,351,519,0
1101800,351,28,-1
1101802,288,49,-1
1101828,136,108,0
1101843,108,136,39
1101870,167,423,-1
1102420,666,354,3
1102502,666,354,-1
1102591,423,167,2
1102622,423,167,11
1102650,423,167,-1
1102683,423,167,11
1102826,90,358,0
1103264,358,521,3
1103345,639,474,-1
1103477,589,291,19
1103623,354,666,62
1103694,354,666,62
1103862,474,639,4
1103907,639,474,14
1104519,358,90,812
1105115,774,586,107
1105472,682,405,6
1105515,682,405,5
1105524,351,28,31
1105808,567,676,43
1106019,405,682,27
1106094,88,378,0
1106154,88,572,3
1106216,254,564,2
1106276,572,88,130
1106356,676,567,4
1106474,364,500,0
1106497,364,687,25
1106726,237,299,57
1107215,541,351,50
1107575,541,351,40
1108743,701,174,0
1109484,351,798,210
1109611,586,774,0
1110206,289,578,20
1110257,521,268,250
1110697,736,207,38
1110797,174,701,20
1111010,736,207,8
1111338,774,586,44
1111834,88,505,2
1112041,357,49,6
1112450,617,279,29
1112526,351,677,7
1112843,351,677,101
1113537,48,49,3
1113788,3,49,2
1113901,461,143,42
1114005,48,3,5
1114078,48,49,3
1114379,3,48,34
1114792,136,137,52
1116165,588,76,41
1116246,709,33,47
1116361,33,242,2
1116496,242,33,62
1116783,62,364,67
1117001,578,289,10
1117035,25,766,0
1117072,279,617,2317
1117143,25,766,5
1117205,25,766,116
1117725,354,666,16
1117798,354,666,15
1117884,176,141,6
1118096,395,291,0
1118148,291,395,-1
1118896,709,33,100
1118937,401,288,0
1119007,401,288,7
1119123,176,578,50
1119593,96,470,18
1119605,92,567,10
1120738,146,611,4
1121519,560,359,7
1121638,560,736,1
1121675,560,207,0
1122206,405,152,2
1122216,405,688,39
1122957,207,736,2
1122966,280,472,30
1123139,37,36,-1
1123176,37,36,-1
1123217,37,36,2
1124455,688,178,0
1124463,688,405,21
1124884,13,699,3
1124978,13,699,-1
1125989,564,254,-1
1126069,254,564,0
1126723,482,444,189
1126879,482,444,190
1127595,101,291,0
1128154,36,37,142
1129021,331,257,49
1130917,491,422,0
1130929,491,422,31
1131529,491,422,4
1131682,422,491,63
1133109,631,561,10
1135899,39,622,819
1136674,698,499,4
1138084,491,422,46
1138559,331,257,3
1139544,331,257,0
1140996,499,698,65
1141003,499,698,-1
1141088,499,698,398
1141955,136,137,0
1142661,512,0,3
1150718,20,21,-1
1150832,21,20,7
1154126,575,59,-1
1154155,575,59,-1
1154184,575,59,-1
1154211,575,59,-1
1154238,575,59,-1
1154282,575,59,-1
1154313,575,59,-1
1154339,575,59,-1
1154368,575,59,-1
1154395,575,59,-1
1154717,575,59,-1
1154746,575,59,-1
1155112,678,470,3
1155839,611,146,0
1156261,575,59,27
1157654,67,785,0
1158222,149,359,-1
1158245,359,149,11
1159619,424,266,3
1159997,424,4,2
1161058,785,67,25
1164938,274,510,-1
1165634,711,200,100
1166281,6,406,0
1166524,639,474,-1
1166624,4,424,-1
1166838,640,172,0
1167178,474,639,349
1167653,190,372,214
1168098,600,374,0
1168104,600,374,0
1168860,289,578,2
1168888,289,578,3
1169148,578,289,59
1169606,802,5,-1
1169937,6,406,3
1169994,802,5,95
1172062,146,145,-1
1173702,4,344,0
1173731,4,344,0
1173859,146,145,2
1174071,701,413,8
1174149,90,358,-1
1174171,358,90,0
1174243,90,358,1106
1176222,289,578,18
1176309,289,578,41
1176666,289,578,74
1176858,289,578,54
1177413,4,344,-1
1177429,4,344,11
1178454,703,474,108
1178698,143,310,4
1178813,143,310,3
1179457,561,631,131
1180920,622,39,58
1181836,6,406,3
1182596,39,622,81
1182621,466,173,2
1182633,37,36,175
1182843,37,36,175
1182954,173,466,88
1187794,499,63,30
1187798,202,697,49
1188011,39,622,42
1188358,616,6,20
1189639,6,27,2
1190404,521,268,80
1190508,242,33,0
1190532,242,33,2
1191696,274,510,16
1193495,33,242,65
1193901,37,301,2
1194600,805,499,36
1196281,559,204,0
1196356,598,694,30
1196412,559,204,48
1198186,69,37,37
1201047,445,624,73
1203538,445,624,54
1207739,21,20,1
1208133,21,20,1
1208453,21,20,3
1208523,21,20,1
1210176,274,440,39
1211276,289,578,1
1211414,578,289,1
1211429,578,289,4
1211716,578,289,34
1211858,260,459,13
1211970,300,301,0
1211976,300,301,0
1214909,274,440,4
1214986,440,274,41
1224453,3,357,0
1236231,93,481,2
1238841,661,683,0
1238850,661,683,31
1238891,661,683,119
1243514,802,5,31
1247391,578,176,107
1249498,617,279,46
1250513,557,419,-1
1250570,146,145,-1
1250574,557,8,0
1250576,557,8,0
1250824,146,145,-1
1251385,146,145,-1
1251429,20,21,18
1251537,20,21,8
1253020,4,424,0
1253361,278,335,18
1253687,21,20,0
1253789,21,20,9
1253822,20,21,28
1255113,419,557,3
1255143,145,146,887
1255179,419,557,0
1255502,419,557,2
1255572,419,557,-1
1255891,557,419,-1
1255997,278,335,17
1256097,419,557,192
1256164,419,557,192
1256329,267,269,166
1257316,221,4,24
1258641,774,586,11
1258782,221,4,28
1262666,578,289,75
1263353,331,257,3
1263363,331,257,3
1263788,289,578,40
1264013,47,449,7
1264064,47,449,3
1264600,331,257,3
1266977,405,682,32
1267033,682,405,37
1267172,682,405,10
1269718,137,454,-1
1269860,137,454,-1
1270322,91,90,80
1270369,137,454,-1
1270608,359,560,61
1270800,424,266,0
1270980,137,454,-1
1271179,137,454,-1
1271315,454,137,486
1271893,424,785,53
1272031,424,4,2
1272275,701,174,0
1272534,21,20,2
1272901,20,21,22
1273488,4,424,-1
1274055,331,257,3
1275756,677,351,270
1275758,677,351,-1
1276089,424,4,119
1276381,351,677,8
1281836,165,166,15
1282160,91,64,3
1282733,785,424,-1
1282763,436,522,-1
1284288,359,560,0
1284672,322,113,0
1285773,694,598,0
1286037,522,436,2784
1286341,424,785,2
1286542,785,424,117
1289286,436,522,19
1289328,522,436,0
1289463,436,522,136
1290167,436,522,55
1290190,459,260,6
1290242,522,159,371
1290622,522,436,0
1290702,436,522,103
1290817,522,436,1515
1290857,289,578,1
1322391,258,561,-1
1324806,267,403,3
1325083,403,267,40
1325773,258,561,4
1328111,139,672,38
1328857,183,685,2
1328942,258,561,-1
1331525,388,481,9
1332322,258,561,5
1333871,623,651,4
1334536,227,174,99
1335078,651,623,215
1336192,225,574,0
1337264,4,507,2
1337852,623,651,449
1337989,479,492,-1
1338238,300,301,0
1338252,300,301,0
1338270,300,301,52
1338441,492,479,4
1338506,492,479,2
1338782,289,578,122
1338927,578,97,2
1339069,225,574,0
1340006,386,567,0
1340099,643,386,110
1340783,90,91,-1
1340818,91,90,38
1340955,278,335,0
1341032,419,557,111
1341069,448,185,71
1341104,419,557,111
1341146,628,116,37
1341148,335,278,46
1342949,584,582,2
1342994,584,582,22
1343454,289,752,43
1345842,289,578,0
1346858,405,688,36
1347945,47,46,250
1349876,289,578,0
1350111,278,335,13
1352443,448,149,0
1352992,289,578,0
1353058,448,149,38
1353166,578,289,83
1353784,405,152,2
1353911,278,335,31
1354179,289,752,3
1354387,301,69,15
1355330,152,405,49
1356124,424,785,2
1356186,785,424,81
1357209,424,266,-1
1357520,144,560,56
1358032,785,67,14
1358435,424,4,0
1359347,364,102,37
1359417,364,102,37
1359546,521,268,69
1359587,149,448,25
1359887,4,424,19
1359915,650,136,166
1360134,448,149,53
1360179,561,631,218
1362497,424,4,119
1362672,48,49,1
1363632,49,48,3
1364904,782,465,0
1366267,465,782,41
1367846,47,46,29
1367863,491,208,3
1369468,651,623,-1
1371106,225,574,0
1371308,682,405,10
1373244,13,583,1
1373339,13,583,-1
1373535,39,622,459
1376148,37,69,39
1380187,149,448,-1
1380301,149,448,-1
1380370,448,149,45
1388157,786,235,99
1388283,786,235,196
1414867,272,166,2
1415114,639,474,11
1415536,682,330,0
1415542,682,330,0
1415581,682,330,17
1422255,666,354,54
1422323,666,354,54
1424099,703,845,67
1424673,289,578,3
1425320,354,666,23
1425580,90,91,5
1425704,91,90,1
1425710,420,495,-1
1425749,495,420,4
1425828,289,578,29
1426005,90,91,184
1426006,628,468,-1
1426039,628,116,43
1426421,436,225,4
1426479,289,578,13
1426540,69,133,18
1426566,85,106,9
1426572,341,504,0
1426574,341,504,0
1426576,341,504,0
1426636,85,106,5
1427041,85,106,11
1427422,85,106,38
1427797,474,639,34
1427965,85,106,3
1428331,682,405,0
1428385,405,682,2
1428439,405,682,1
1428476,682,405,20
1428677,405,682,2
1428704,405,682,2
1428830,405,682,2
1429033,495,420,89
1429155,85,106,0
1429231,85,106,6
1429493,595,19,75
1430218,85,106,7
1431288,85,106,1
1434395,465,569,34
1434795,595,19,30
1436383,623,651,0
1436560,165,781,0
1437087,165,781,0
1439582,289,578,2
1439666,688,158,0
1439711,688,158,0
1440018,665,572,489
1440375,651,623,-1
1440431,688,158,0
1440487,688,178,0
1440545,178,688,-1
1440651,688,178,21
1442837,379,339,15
1443021,682,405,59
1443453,560,359,0
1444136,360,220,87
1444722,144,560,26
1444767,681,634,7
1444935,49,48,2
1444937,37,69,0
1444976,37,69,0
1445176,490,797,2
1445279,300,301,0
1445480,300,301,23
1445499,474,90,4
1445512,688,405,12
1445602,799,549,18
1445838,207,736,33
1445868,688,405,3
1446798,48,49,-1
1446921,48,49,-1
1447508,557,419,-1
1447737,634,681,24
1448335,13,583,2
1448425,13,583,-1
1448614,583,13,481
1448651,106,672,0
1448693,583,13,482
1448751,342,720,0
1448876,37,301,0
1448877,66,502,20
1448926,634,681,2
1448977,681,634,10
1448992,37,301,143
1449151,37,69,143
1449538,495,420,781
1449932,268,521,2
1453846,48,49,-1
1453962,85,446,9
1454768,380,704,776
1455262,358,90,0
1455270,23,51,2
1455304,200,711,2
1455320,23,51,3
1455334,200,711,2
1455427,23,51,2
1455483,51,23,19
1455516,49,48,184
1456125,19,47,5
1456189,19,47,118
1456261,211,736,9
1458621,48,49,126
1458826,186,52,6
1460597,300,301,59
1462895,85,106,347
1462908,144,560,0
1463283,560,144,9
1463326,560,144,267
1463329,560,144,-1
1463619,560,144,1
1464015,560,144,2
1464055,358,90,5
1464061,144,560,0
1464240,454,259,0
1465008,37,301,28
1465417,37,301,6
1465439,235,599,0
1465451,235,599,0
1465825,335,278,0
1467109,454,259,0
1470349,578,176,0
1470422,578,289,307
1471274,636,473,0
1471366,636,473,0
1471710,636,473,0
1472181,636,473,0
1472282,636,473,2
1472311,636,473,77
1472327,636,473,-1
1472356,636,473,77
1473477,687,540,303
1474810,37,301,0
1474829,37,348,0
1479624,52,472,0
1479737,472,52,7
1479759,472,52,38
1481443,449,47,2
1482557,299,237,2
1482794,299,237,5
1482854,47,449,17
1483010,47,449,11
1483718,37,36,0
1484478,299,144,4
1484512,144,299,4
1485905,250,531,0
1485912,250,531,0
1485917,250,531,0
1485941,250,531,7
1496350,48,49,2
1496947,49,48,2
1498270,250,531,9
1498287,250,531,3
1498766,250,531,66
1499194,388,195,1
1499285,388,195,69
1501503,364,102,-1
1501546,237,299,0
1501577,364,102,2
1503646,374,297,52
1506414,678,470,2
1506657,517,252,60
1506839,374,297,23
1506916,470,678,46
1508121,678,470,0
1508144,678,470,5
1508185,678,470,8
1508638,388,506,10
1508788,289,578,4
1508927,578,289,281
1509249,104,470,60
1509407,297,374,12
1509761,272,166,1
1511368,166,272,5
1511706,144,560,0
1511959,560,144,6
1512112,557,419,-1
1512134,419,557,30
1512161,557,419,2
1512170,405,682,11
1512182,572,665,22
1512205,419,557,30
1512324,144,560,87
1512357,158,94,0
1512397,178,682,-1
1512425,94,158,-1
1512429,178,682,3
1512500,94,158,31
1512612,846,374,27
1513693,186,69,0
1514226,158,688,101
1514242,243,714,4
1514260,152,405,45
1514308,634,681,64
1515046,301,69,2
1515234,207,736,4
1515702,48,49,103
1515828,405,152,2
1516127,289,578,3
1516132,69,268,-1
1516585,96,780,190
1518001,628,116,45
1518616,301,37,0
1518927,268,69,2
1519534,676,567,0
1519862,47,449,3
1519910,13,115,26
1519943,449,47,83
1521589,466,173,149
1521705,47,46,2
1521733,47,46,2
1521814,37,36,110
1522024,37,36,110
1522178,301,300,45
1523075,69,268,133
1524190,116,628,35
1524233,736,560,76
1525305,171,208,114
1525556,185,356,-1
1525658,36,37,0
1525675,36,37,0
1525685,36,37,17
1525911,36,37,17
1525984,157,772,0
1528161,405,682,2
1528283,49,3,63
1528671,289,578,0
1529381,567,676,60
1529810,356,185,25
1529943,578,176,2
1530044,578,176,1
1530047,331,257,37
1530070,578,289,184
1530270,578,176,3
1530413,171,208,19
1530640,176,578,2
1530697,176,578,1
1530951,444,39,176
1531624,137,136,12
1532292,595,19,137
1533818,639,474,-1
1534134,474,639,3
1534179,474,639,0
1534721,175,122,0
1534858,39,622,6
1534868,673,188,17
1534918,622,39,118
1535166,639,474,-1
1536114,632,274,44
1537483,474,639,173
1539991,225,574,0
1540484,102,364,2
1540787,331,707,23
1541406,627,180,50
1542169,424,670,4
1542271,153,612,5
1542286,153,612,5
1542800,144,560,23
1543094,144,560,0
1543247,300,301,13
1544247,634,681,0
1545374,670,424,98
1545475,19,595,2
1546034,670,424,52
1546043,595,19,173
1546328,221,75,76
1546388,221,75,76
1546549,23,485,-1
1547374,500,142,2
1551543,102,364,34
1551630,102,364,34
1556995,512,0,16
1579518,584,339,20
1586506,652,677,49
1587868,297,374,31
1589770,263,342,48
1589835,263,342,18
1591341,299,237,46
1591453,254,665,6
1591976,572,254,0
1592032,254,665,35
1592043,572,254,0
1592423,91,90,4
1593478,424,266,3
1594500,664,51,43
1594873,190,193,27
1595546,736,560,-1
1595699,560,736,10
1596013,190,372,32
1596336,301,300,21
1596504,485,48,16
1596547,485,682,2
1596580,485,405,0
1597616,683,390,2
1598649,390,683,106
1598666,3,357,0
1598682,3,357,36
1598788,612,153,27
1599341,612,153,-1
1599704,153,612,0
1599763,612,153,45
1600245,601,340,1
1600785,116,628,19
1601294,628,116,-1
1601318,628,468,-1
1601360,322,321,178
1601362,628,116,19
1601617,206,428,-1
1601847,405,485,22
1601996,51,664,2
1602123,52,294,-1
1602356,37,301,25
1602452,37,69,2
1603564,356,185,7
1605251,324,68,0
1605536,363,252,0
1606350,144,560,0
1606714,144,560,0
1607069,6,27,2
1608120,144,560,0
1609347,0,208,174
1609843,180,627,0
1609955,371,300,73
1610646,600,499,3
1611467,27,6,-1
1611513,6,27,4
1611528,27,6,97
1611910,600,499,3
1612022,0,208,6
1612816,335,278,2
1613335,208,0,2
1614807,455,282,6
1615154,449,47,65
1615162,449,47,72
1615241,47,449,0
1615503,640,95,3
1615576,172,95,22
1615998,687,310,10
1616119,301,300,0
1616271,39,622,3
1616428,601,483,133
1616480,683,390,18
1616631,676,567,0
1616656,676,567,0
1616719,676,567,0
1616767,676,567,0
1616878,676,567,1
1617306,39,622,2
1617494,96,109,7
1617509,96,109,6
1617526,96,109,35
1617592,96,109,2
1618102,578,97,0
1618331,424,266,0
1618895,569,465,1
1618914,310,265,56
1619047,465,569,43
1619100,397,212,22
1619170,92,386,39
1619176,212,397,25
1619517,527,699,3
1619668,441,461,0
1619782,461,441,137
1619990,699,527,6
1620002,699,527,0
1620011,527,699,0
1620021,527,699,9
1620039,527,699,42
1620615,268,521,2
1620796,268,521,3
1621107,337,225,-1
1621263,622,39,64
1621340,39,622,2
1621356,622,39,236
1622789,69,186,14
1623707,289,578,75
1624924,16,572,0
1625449,561,631,-1
1626481,322,321,178
1626773,455,129,-1
1626835,129,455,3
1626985,455,129,0
1628886,580,283,0
1628925,580,441,31
1630375,540,687,-1
1630425,540,265,19
1631038,405,682,4
1631049,405,682,3
1631305,640,172,0
1631337,405,682,2
1632577,474,90,4
1632808,90,474,51
1633452,634,681,0
1634003,651,22,65
1634812,474,90,5
1634843,289,578,17
1636036,48,49,-1
1636611,586,180,0
1636781,48,49,-1
1646894,441,283,0
1647729,91,90,4
1651431,91,90,3
1666158,119,105,46
1666239,119,325,0
1666523,5,802,2
1667830,379,584,3
1667937,379,584,3
1668012,584,379,24
1670141,465,569,6
1670391,48,49,2
1670481,592,8,31
1670628,48,49,2
1671031,49,48,72
1671632,268,269,2
1672951,96,780,3
1674474,314,120,63
1674710,74,470,3
1674739,74,470,0
1674786,74,470,2
1674891,74,470,4
1674994,74,470,4
1675165,74,470,30
1675210,179,193,-1
1676755,268,521,19
1676806,268,69,0
1676815,682,405,32
1676864,266,4,44
1677906,682,405,57
1677986,720,342,16
1678253,144,560,0
1678269,560,144,-1
1679163,682,405,18
1679414,472,485,-1
1679441,193,179,0
1679453,325,427,0
1679522,90,91,43
1680031,179,193,36
1680677,472,537,19
1680751,537,472,23
1681048,37,36,73
1681071,561,631,0
1681261,37,36,74
1681774,622,39,69
1683587,640,95,2
1683623,172,95,79
1684449,394,542,41
1684547,527,699,-1
1684758,527,699,84
1684929,33,242,48
1685123,95,172,26
1685242,578,289,2
1685277,252,517,184
1685854,527,699,11
1686081,136,137,0
1686196,269,268,203
1686320,527,699,14
1686409,91,90,80
1686646,640,95,4
1686653,289,578,4
1686686,395,589,6
1686693,172,95,4
1686716,137,136,13
1686732,774,586,-1
1686874,289,578,66
1687037,178,271,51
1687344,394,542,35
1687411,711,348,30
1687654,136,137,0
1687703,137,136,50
1687848,137,136,15
1688287,144,4,17
1688335,683,363,0
1689247,677,700,-1
1689923,51,664,126
1690209,492,147,0
1690345,561,631,205
1690369,147,492,111
1691011,13,219,0
1691834,15,672,0
1692308,21,20,0
1692341,21,20,0
1692381,21,20,0
1692470,21,20,0
1692498,21,20,0
1692591,21,20,7
1692606,15,672,14
1692918,492,147,0
1693150,104,288,62
1693175,672,15,-1
1693198,15,672,0
1693221,672,15,55
1693241,104,288,62
1693329,688,405,0
1693586,405,688,2
1693651,688,405,26
1693765,147,492,103
1693823,444,402,-1
1693895,444,402,3
1694082,39,622,86
1694105,47,46,133
1694325,802,5,-1
1694896,104,288,-1
1694986,104,288,5
1695113,104,288,5
1695481,402,444,18
1695564,402,444,18
1696040,49,48,1
1696094,372,342,56
1696229,49,48,1
1696664,48,49,77
1696700,21,20,68
1697383,96,470,33
1698686,672,85,239
1698691,331,257,51
1699561,504,341,38
1699591,561,631,54
1700179,47,449,15
1700919,394,542,0
1700993,394,542,2
1701025,542,394,31
1701028,578,641,0
1701186,578,641,0
1701645,521,268,27
1701819,47,46,50
1702542,405,688,45
1702554,504,341,52
1702640,225,337,2
1702875,641,578,68
1703047,337,225,93
1703213,683,390,2
1703218,595,19,209
1703233,578,289,211
1703305,561,631,-1
1703462,335,278,2
1703573,335,278,2
1703611,341,504,24
1703634,449,47,49
1703872,47,449,0
1704227,278,335,28
1704272,278,335,16
1704635,335,278,11
1704757,561,631,32
1704834,390,683,0
1704962,683,390,120
1705088,578,289,0
1705101,578,641,1
1705132,641,578,25
1705168,578,289,61
1705179,268,521,37
1705247,237,299,95
1705564,158,688,143
1705711,482,444,957
1705861,289,578,2
1705863,482,444,957
1705953,289,578,1
1706038,578,289,54
1706646,46,47,26
1707278,327,105,0
1707481,327,105,0
1707875,578,176,0
1707886,155,350,3
1708212,327,105,0
1712027,256,65,70
1712069,6,27,0
1712103,27,6,-1
1712770,140,224,15
1712984,140,224,15
1714212,560,736,39
1714824,327,105,45
1714925,327,105,9
1715690,492,13,0
1715727,634,681,0
1715763,634,681,0
1716314,28,508,3
1716392,578,176,1
1717350,105,175,61
1717389,119,122,154
1718268,71,593,41
1718333,578,176,2
1719299,28,508,27
1719595,137,136,12
1719721,634,681,0
1719906,136,137,0
1720929,105,175,61
1721360,106,85,2
1721361,634,681,35
1721942,572,665,102
1722309,243,648,12
1722371,634,681,123
1722953,12,492,64
1724115,634,681,16
1724264,119,105,0
1724271,119,122,34
1724433,58,672,110
1724766,15,58,70
1724918,15,58,77
1725951,289,578,2
1726694,185,356,21
1730212,105,327,-1
1736399,119,105,4
1736464,105,119,14
1736839,111,373,60
1737429,631,561,3
1739779,97,333,30
1741077,111,373,30
1741653,578,289,42
1743086,97,333,59
1743917,578,289,15
1758150,268,521,0
1758478,15,672,0
1759680,468,116,35
1760862,405,688,0
1765950,405,688,0
1767955,780,470,-1
1769634,151,333,0
1769665,333,151,23
1771829,157,772,81
1773097,252,363,94
1773331,21,20,169
1773566,289,578,10
1774181,692,702,-1
1774295,692,702,2
1775209,598,694,4
1775429,702,692,0
1775470,640,95,13
1775556,702,692,-1
1775908,692,702,73
1776020,692,702,73
1776251,692,702,27
1776364,692,702,27
1777320,677,700,2
1777374,315,552,0
1777435,315,552,0
1778084,449,47,67
1779043,480,556,473
1779238,169,288,10
1779302,169,288,-1
1779613,288,169,-1
1779924,169,288,42
1779985,169,288,42
1780894,190,372,60
1781930,492,12,0
1781935,492,147,92
1782128,640,172,2
1782343,169,288,8
1782406,169,288,-1
1782471,372,342,55
1783489,225,197,38
1783574,299,237,128
1783939,147,492,38
1784120,47,449,35
1784473,147,492,58
1784937,492,147,23
1784979,147,492,9
1786078,356,210,0
1786097,356,185,1
1786113,356,185,71
1786117,356,185,1
1786132,356,185,72
1787367,736,560,-1
1787914,435,782,7
1788255,640,172,116
1788393,702,637,43
1789107,661,413,89
1789188,58,15,4
1789338,58,15,4
1789360,560,736,4
1789391,736,560,32
1790042,634,681,386
1790158,225,337,0
1790181,337,225,52
1791035,846,191,23
1791775,736,560,15
1791870,736,207,-1
1791927,449,47,3
1792919,652,677,106
1793042,677,652,14
1793562,678,470,434
1793721,413,661,25
1794151,830,140,67
1794402,140,830,2
1794538,140,830,2
1795988,449,47,18
1796271,449,47,94
1796305,147,492,25
1796557,12,25,29
1796958,351,28,-1
1796959,47,449,103
1797148,47,449,15
1797263,47,449,100
1797575,28,351,49
1798225,351,28,72
1798606,351,28,41
1798931,480,556,1320
1799286,449,47,49
1800480,289,578,0
1800484,289,578,0
1800935,250,531,3
1800983,250,548,5
1801030,250,548,4
1801071,250,531,4
1801098,250,548,0
1801222,190,288,-1
1801311,190,288,0
1801381,190,104,0
1801507,190,401,22
1801557,190,401,0
1801562,190,401,39
1802524,527,314,1
1802889,527,314,2
1802918,678,470,0
1802924,678,470,2
1802989,678,190,13
1803471,225,337,2
1803506,207,736,2
1804100,13,11,2
1804944,617,279,4
1805120,74,104,0
1805127,217,401,10
1805142,372,401,22
1805811,470,678,79
1808118,300,301,89
1809127,300,301,26
1809622,210,185,38
1810733,104,288,-1
1810819,104,288,7
1811335,37,301,1
1811361,37,301,1
1812071,503,524,12
1812078,503,524,-1
1812683,301,37,48
1813661,357,3,-1
1814055,12,13,-1
1815593,140,830,30
1816407,36,37,280
1816621,36,37,281
1819618,441,283,0
1819627,441,283,33
1824220,692,702,-1
1824291,133,744,102
1824332,692,702,4
1825096,351,28,17
1825579,351,28,19
1827909,485,166,71
1827995,485,3,210
1828628,560,736,0
1845789,785,67,-1
1846181,802,5,-1
1849036,524,503,5
1849077,524,503,0
1853420,785,67,145
1854201,736,560,42
1855893,678,470,2
1855924,543,403,12
1855985,572,505,0
1856028,572,505,0
1856269,678,470,0
1856281,678,470,2
1856298,470,678,291
1856373,572,505,0
1857842,424,266,3
1858066,424,266,4
1858151,424,266,385
1859024,47,449,35
1859078,47,46,43
1859141,47,46,0
1859199,47,449,0
1860628,638,554,209
1861447,220,360,35
1861502,360,352,0
1861533,360,352,0
1862079,3,357,32
1862093,7,791,0
1862099,465,569,0
1862149,683,390,2
1862242,678,190,0
1862276,743,300,213
1862390,68,471,2
1862493,446,106,0
1862549,106,446,3
1862620,446,106,-1
1862664,106,446,0
1862675,106,446,0
1862684,106,446,0
1862872,106,446,3
1863448,436,225,-1
1863467,225,436,42
1863601,225,436,42
1863615,736,560,9
1863784,3,49,2
1863855,3,49,21
1865200,106,446,5
1868160,707,331,15
1868362,736,207,21
1868946,207,736,3
1869164,207,736,2
1869470,207,736,2
1869683,736,207,35
1869823,640,95,2
1869866,95,640,3
1870084,301,300,0
1870107,95,640,3
1870123,301,300,0
1870477,424,266,3
1870646,424,266,2
1870692,424,670,3
1870695,266,424,2
1870752,424,266,101
1870812,289,578,2
1871229,444,402,2
1871404,402,444,33
1872359,736,207,56
1872696,560,359,1
1873624,91,90,3
1874050,67,785,2
1874096,785,67,678
1874463,79,117,-1
1874765,444,402,21
1874787,424,670,9
1874927,448,208,17
1875277,48,49,96
1876547,560,359,55
1877709,674,673,-1
1877826,47,449,3
1879723,578,289,94
1879759,260,459,0
1880362,459,260,318
1880483,47,449,38
1881612,136,654,41
1882347,359,560,0
1882372,359,560,0
1882394,207,560,24
1883387,560,207,43
1884760,736,560,28
1885447,36,37,623
1885675,36,37,623
1885846,225,337,68
1886047,145,146,1032
1886282,560,207,70
1887621,560,359,0
1887639,359,560,0
1887669,480,556,749
1888436,480,556,5
1888445,556,480,2
1888467,480,556,602
1889178,480,556,709
1892772,459,260,8
1893988,446,106,-1
1894017,106,446,328
1894252,634,681,0
1894292,634,681,0
1894482,634,681,0
1894513,634,681,0
1895311,225,337,0
1897063,300,301,43
1899350,485,3,0
1900004,357,3,0
1902484,578,289,582
1909134,622,39,96
1924941,622,39,23
1925597,39,622,77
1926429,601,340,86
1929945,152,405,16
1930081,220,352,2
1930118,152,405,2
1930134,152,405,5
1933838,666,354,1
1933908,354,666,14
1933921,666,354,-1
1933984,354,666,14
1934164,444,402,17
1935055,220,374,144
1935243,220,352,51
1935397,330,682,3
1937103,250,531,69
1937564,595,19,0
1938171,321,322,723
1938729,651,623,0
1939022,623,651,156
1942095,106,446,0
1942776,147,492,27
1943327,490,797,2
1943501,300,301,17
1943522,797,490,34
1943597,681,634,-1
1943651,420,495,154
1943776,394,788,67
1943780,91,90,233
1943879,634,681,0
1943964,415,644,8
1944016,681,634,-1
1944041,634,681,15
1945527,397,273,6
1945750,273,585,81
1945759,273,585,-1
1946690,554,638,11
1947278,652,677,87
1947280,474,639,0
1948152,420,495,65
1948283,652,677,-1
1948434,3,357,32
1948890,98,420,0
1948962,687,265,31
1949033,98,420,78
1949169,495,420,18
1949418,49,357,51
1951704,47,449,0
1951970,449,47,262
1952437,47,449,78
1952453,405,152,27
1952922,403,543,30
1953554,640,172,596
1953693,47,449,4
1954475,683,390,3
1954753,744,133,18
1954841,129,586,17
1955161,37,301,2
1955777,682,405,40
1955812,785,424,-1
1955974,424,785,37
1957211,19,595,30
1957841,688,405,0
1958299,300,301,9
1958326,289,578,2
1958361,578,289,1
1958369,578,289,2
1958380,289,578,0
1958405,578,289,1
1958416,289,578,2
1958463,578,289,413
1959307,335,278,2
1959643,335,278,1
1959719,278,335,18
1960099,480,210,0
1960175,90,91,34
1960265,210,480,0
1960357,480,210,50
1960709,13,12,0
1961765,688,405,38
1961885,12,13,4
1961904,13,12,0
1961914,13,12,0
1961925,13,12,52
1961941,91,90,11
1962086,569,465,30
1962487,703,474,0
1962503,423,644,20
1962679,474,703,66
1962999,144,560,0
1963040,560,144,55
1963085,37,301,38
1963326,321,322,723
1963949,548,531,-1
1964418,146,176,170
1965479,634,681,79
1965886,48,49,145
1966817,208,491,66
1967298,272,295,4
1967298,491,208,30
1967401,405,688,13
1967423,20,21,42
1967496,354,666,23
1967570,354,666,23
1967672,422,208,11
1967983,354,666,26
1968057,354,666,25
1969209,144,560,0
1969725,144,560,0
1970242,185,210,0
1970926,144,560,0
1971243,632,274,0
1971554,16,572,4
1973501,48,49,140
1973772,48,49,32
1974604,785,424,887
1976138,560,736,24
1976210,492,606,404
1977124,551,95,27
1977184,551,172,6
1977622,652,677,-1
1978070,677,652,83
1980854,652,677,16
1983827,358,521,1
1985213,37,36,42
1985428,37,36,42
1986112,37,36,0
2009885,584,379,16
2015400,628,116,39
2015456,682,383,4
2015467,682,383,3
2015615,383,682,51
2017998,37,69,1
2022451,297,374,8
2023486,69,37,21
2024566,85,106,0
2024590,85,106,2
2025083,321,322,18
2025391,85,106,0
2025614,427,325,36
2025857,736,560,23
2027083,578,289,109
2027115,444,402,0
2027255,464,220,72
2029090,490,682,0
2029895,91,90,174
2030197,449,47,4
2030358,47,449,93
2030390,628,116,-1
2030419,666,354,30
2030505,666,354,30
2030574,116,628,33
2030852,4,344,-1
2030880,4,344,13
2031203,637,702,38
2031564,37,301,0
2031972,48,49,47
2032013,263,221,17
2032081,812,179,0
2032272,812,179,0
2033062,466,173,0
2033183,628,116,-1
2033381,95,598,0
2033438,491,632,40
2033692,95,598,3
2033987,179,812,0
2034010,173,466,144
2034033,804,533,-1
2036054,474,639,0
2036611,344,4,99
2040142,96,780,2
2040571,428,206,9
2040722,376,114,22
2042859,474,639,179
2043277,85,446,4
2043582,244,12,49
2043753,244,766,8
2045162,90,91,101
2045575,85,446,567
2046409,648,243,864
2047649,466,173,11
2048232,557,419,58
2048303,557,419,58
2048309,91,90,62
2048495,521,358,-1
2049189,48,49,62
2049198,358,521,25
2049500,190,342,2
2049848,177,100,13
2050015,335,278,2
2050181,658,699,-1
2050220,321,322,19
2050403,278,335,10
2050406,278,335,-1
2050494,278,335,3
2050955,278,335,1
2051570,507,615,3
2052434,615,507,60
2053420,85,446,4
2053764,85,446,4
2054548,85,446,4
2054782,85,446,4
2056088,207,677,0
2056875,299,237,67
2057181,578,176,8
2057312,578,176,1
2058285,176,578,156
2058727,651,623,5
2059886,37,301,4
2060697,300,301,2
2062550,441,580,-1
2062758,580,441,95
2066463,623,651,1058
2067835,39,622,3
2067880,622,39,87
2068479,266,221,127
2073878,300,301,19
2074537,300,301,2
2074568,300,301,32
2100657,289,578,3
2105101,21,20,6
2106801,21,20,2
2106847,21,20,2
2107183,21,20,2
2107750,20,21,46
2108730,21,20,2
2108743,678,470,2
2108773,678,470,0
2108803,678,470,16
2109486,88,665,0
2109784,239,357,17
2112388,91,90,188
2113225,289,578,2
2113744,100,15,2
2114287,100,344,33
2114365,100,15,2
2114465,448,356,-1
2114490,356,448,124
2114520,448,356,2
2114522,133,744,106
2114559,356,448,123
2114643,133,69,0
2114668,69,133,-1
2115548,136,137,0
2116362,133,299,-1
2116390,299,133,33
2116764,176,578,48
2116989,485,415,66
2117213,446,106,150
2117260,557,419,3
2117280,19,595,135
2117290,557,419,1
2117316,557,8,19
2117972,289,578,1
2118119,585,273,2
2118386,374,297,29
2118403,569,465,28
2118451,382,218,28
2119465,21,20,17
2119844,289,578,2
2121495,444,801,0
2121632,21,20,0
2121765,21,20,0
2121857,21,20,0
2121893,21,20,0
2121904,20,21,53
2122495,356,185,0
2122515,356,210,0
2123837,106,672,38
2124288,21,20,33
2124420,96,780,17
2125194,20,21,11
2125312,21,20,14
2125705,20,21,5
2125940,535,614,20
2127546,266,424,85
2128298,480,210,0
2128315,278,335,3
2128324,278,335,60
2128326,210,480,45
2129148,47,449,31
2129607,4,221,0
2129625,4,221,49
2129744,278,335,73
2129815,4,743,12
2130793,321,322,0
2130986,300,301,2
2131069,300,301,75
2131649,278,31,-1
2131797,744,133,74
2132381,830,257,4
2132435,830,118,43
2133006,289,752,3
2133396,289,578,3
2133712,166,165,18
2134045,651,623,0
2134363,47,449,-1
2134415,47,449,13
2134429,446,85,226
2134593,90,91,60
2134607,267,269,2
2134673,446,85,678
2134934,91,90,171
2135080,561,631,-1
2135199,91,90,135
2135438,702,637,74
2136115,631,561,0
2136121,90,91,19
2137074,19,595,86
2137810,90,91,131
2138018,702,637,3
2138428,91,90,4
2138429,561,631,190
2138429,269,267,124
2138477,491,208,74
2138608,90,91,241
2139083,459,260,6
2139809,260,459,132
2139866,90,91,131
2142083,696,306,636
2142559,623,651,51
2144375,289,578,1
2145969,88,324,22
2147178,278,335,3
2148606,278,335,2
2149178,634,681,0
2149394,331,707,18
2149466,707,331,13
2151162,300,301,63
2154709,39,622,252
2155522,4,266,59
2162967,560,736,0
2171169,4,266,7
2171191,4,424,14
2171196,4,424,-1
2171396,424,4,110
2187410,682,330,0
2188722,531,250,27
2189181,121,288,-1
2189276,121,288,0
2194240,297,374,3
2196019,374,297,27
2196073,572,665,107
2197271,420,495,-1
2198129,22,668,-1
2198663,480,210,46
2198874,595,19,319
2199264,572,254,3
2199631,254,572,36
2199863,736,560,-1
2199922,356,210,0
2199988,356,210,0
2200048,356,210,0
2200128,356,210,0
2200162,356,185,4
2200175,668,22,0
2200214,356,210,0
2200223,356,185,0
2200233,495,420,208
2200809,560,736,19
2201091,537,472,5
2201920,170,843,0
2202239,645,235,37
2202445,492,479,5
2202728,586,774,11
2202754,736,207,-1
2202858,104,288,0
2202897,207,736,25
2203089,468,116,3
2203120,468,628,4
2203149,468,628,2
2203237,22,668,40
2203360,435,782,2
2203605,383,682,-1
2203899,481,93,-1
2204215,421,111,3
2204291,421,111,2
2204459,383,330,-1
2204504,111,421,114
2204586,116,468,27
2205004,441,580,0
2205028,441,283,0
2205152,330,383,32
2205338,383,330,-1
2205978,744,381,10
2208235,600,499,134
2208669,21,20,0
2208683,21,20,2
2208725,20,21,21
2209623,20,21,29
2212276,677,634,3
2212309,677,681,25
2212867,207,560,12
2213071,799,549,25
2213182,225,522,4
2213800,47,449,46
2214147,331,257,3
2214599,606,492,171
2215100,98,420,42
2215766,505,572,3
2215875,505,572,2
2216415,424,670,13
2216419,572,505,23
2216463,399,469,0
2216524,399,469,0
2216646,399,469,0
2216747,670,424,-1
2217488,49,48,340
2217534,47,449,67
2217704,650,136,11
2218375,48,49,24
2218560,595,19,60
2218760,38,261,5
2218919,419,557,0
2219110,225,337,166
2219466,47,449,-1
2220030,225,574,112
2220049,459,260,2
2220067,799,549,43
2220220,491,208,41
2220418,449,47,0
2220692,47,449,31
2221070,225,197,0
2221271,137,136,65
2221337,197,225,194
2221482,289,578,0
2221895,47,46,42
2221999,225,197,2
2222062,137,136,-1
2222204,402,444,11
2222216,136,137,17
2222274,197,225,66
2222850,289,578,30
2222943,569,465,39
2223412,640,172,96
2223462,208,491,92
2223659,632,491,21
2224044,137,136,18
2224083,136,137,0
2224083,137,136,1272
2224596,289,578,279
2224723,49,48,103
2224856,49,48,30
2225103,13,12,2
2225395,197,225,26
2225538,208,632,3
2225691,401,666,65
2225790,401,666,64
2226064,491,632,0
2226534,273,397,135
2226650,491,208,5
2227022,449,47,4
2227327,491,285,10
2227484,117,79,193
2227612,491,208,24
2228323,632,208,72
2228753,522,225,86
2229671,491,208,15
2231602,289,578,50
2233200,335,278,24
2234302,405,688,-1
2234328,688,405,255
2235269,136,137,5138
2236110,455,809,5
2236147,455,809,2
2236728,561,631,0
2236821,561,173,6
2237981,91,90,0
2238064,90,91,41
2239705,681,111,-1
2239727,111,681,58
2239811,681,111,-1
2239848,681,111,-1
2239869,111,681,51
2239943,681,111,-1
2240282,111,681,99
2240445,136,137,11
2240906,136,137,3022
2241087,623,651,110
2244800,137,136,43
2274417,297,374,0
2274442,98,420,0
2274623,499,63,41
2274737,374,297,36
2276047,623,651,5
2276112,623,651,7
2276142,405,688,-1
2276228,688,405,21
2276310,623,651,174
2277525,623,651,176
2279655,480,210,10
2282432,424,266,3
2282633,266,424,96
2282926,246,188,53
2283790,636,473,165
2284408,623,651,4
2284961,830,118,0
2286558,289,578,155
2288230,405,682,-1
2288627,289,578,3
2288828,578,289,1
2288990,289,578,65
2289114,628,116,7
2289288,578,289,194
2289393,682,405,0
2289647,472,537,0
2289881,269,543,0
2289999,419,557,0
2290046,651,623,-1
2290081,419,557,-1
2290287,390,683,283
2290595,681,634,-1
2290634,681,634,-1
2290689,623,651,4
2291178,697,202,14
2291318,606,492,32
2291360,282,455,1
2291763,561,173,-1
2291921,262,754,48
2292021,492,606,30
2292120,651,623,232
2293475,405,152,-1
2293577,405,152,53
2293660,297,374,11
2293896,173,561,117
2294659,152,405,7
2294778,678,470,111
2294783,268,280,27
2295102,682,383,101
2295155,49,3,164
2295202,736,207,25
2295327,382,218,-1
2295349,382,218,14
2295373,21,20,44
2295568,268,280,16
2295607,470,678,-1
2297051,218,382,98
2297068,49,48,-1
2298190,48,49,2
2298855,69,301,41
2298952,707,331,13
2298963,677,207,0
2299544,688,405,39
2300471,688,405,32
2300735,126,537,3
2300917,537,126,20
2300960,537,126,16
2301161,692,702,-1
2301237,702,692,28
2301280,692,702,3
2301368,702,692,28
2301738,49,48,172
2302408,297,441,2
2302861,485,179,0
2302861,48,49,3
2302997,221,373,47
2303037,207,677,24
2303613,48,49,2
2303672,49,48,32
2303873,378,476,-1
2304061,378,476,-1
2304190,485,179,0
2304247,784,547,53
2304538,578,289,5
2304538,220,374,0
2304560,736,207,-1
2304604,179,485,25
2304665,359,560,0
2304719,221,373,22
2304839,492,479,28
2304918,560,359,2
2304946,560,207,0
2304980,263,176,23
2305107,578,289,2
2305142,359,560,0
2305368,289,578,18
2305883,677,207,0
2306303,290,342,76
2306413,371,532,86
2306764,260,459,0
2306991,521,268,17
2307153,100,15,82
2307238,485,3,1
2307358,254,378,8
2307380,88,254,3
2307395,88,378,9
2307403,254,378,6
2307416,254,378,6
2307429,254,378,13
2307433,254,378,-1
2307491,254,378,0
2307495,254,378,0
2307499,254,378,0
2307553,254,378,6
2307854,254,378,6
2307899,254,88,3
2308102,88,254,2
2308125,3,485,20
2308501,534,360,4
2308600,100,15,14
2308645,360,534,3
2308648,534,360,6
2308678,360,534,59
2308779,354,666,11
2308849,254,378,2
2308886,254,378,3
2309161,623,651,0
2309189,88,378,0
2309207,651,623,150
2309279,88,476,-1
2309384,606,492,0
2309554,108,798,10
2309579,688,158,2
2309853,666,354,-1
2309894,158,688,86
2310200,278,335,3
2310258,378,88,26
2310479,15,344,-1
2310531,15,344,-1
2310638,378,254,3
2310858,623,651,266
2310953,666,354,-1
2311315,485,3,10
2311709,378,476,-1
2311741,378,476,-1
2311784,378,476,-1
2311874,378,476,-1
2311919,378,476,-1
2311978,378,88,123
2312215,378,88,18
2312327,378,476,-1
2312456,401,666,-1
2312572,401,666,-1
2312633,237,299,2
2312936,688,405,0
2313077,299,237,72
2313168,344,15,5
2313236,521,268,13
2313708,280,268,25
2313798,268,280,25
2313965,268,280,33
2314286,424,785,0
2314885,586,180,116
2315314,325,427,211
2315364,268,521,2
2315440,37,301,63
2315866,37,69,60
2315867,586,180,23
2315924,344,670,0
2315986,586,774,0
2315990,586,180,144
2316356,158,688,5
2316425,244,454,30
2316428,688,158,97
2317352,299,237,44
2317468,48,49,42
2317968,299,237,7
2318509,79,117,143
2318861,280,131,227
2318990,331,257,28
2319435,20,21,94
2319792,48,49,5
2319966,774,586,1
2320125,48,49,5
2320190,100,344,4
2320226,100,552,32
2320744,48,49,2
2320940,331,707,0
2320946,331,257,0
2320965,49,48,192
2321078,15,416,0
2321149,100,552,0
2321230,100,552,22
2321542,48,49,2
2321727,48,49,374
2322376,136,137,0
2322479,378,254,2
2322763,254,378,17
2323371,117,79,4
2323411,79,117,192
2323539,766,25,0
2323869,521,268,59
2324304,631,173,9
2324367,534,360,0
2326424,534,360,24
2327062,179,180,19
2328551,268,521,3
2329014,666,401,28
2329365,666,354,-1
2330288,401,666,108
2330869,102,364,5
2330926,364,102,120
2330989,354,666,0
2331260,774,586,-1
2331479,360,534,4
2333665,691,615,218
2339176,15,416,51
2341097,43,35,2
2357920,666,401,28
2359185,401,666,108
2364517,268,611,5
2364618,611,268,24
2365576,268,611,54
2366001,558,162,0
2367327,611,706,2
2368612,91,90,79
2368790,91,90,49
2369168,91,90,4
2369446,90,91,98
2370009,611,706,2
2370059,706,611,-1
2370188,706,611,-1
2370245,611,706,37
2370271,220,83,61
2371597,661,683,0
2371830,96,780,30
2372219,461,441,-1
2376133,578,289,1
2377583,225,574,444
2378319,121,288,82
2378417,121,288,82
2378590,21,20,0
2380395,96,470,73
2381068,176,578,71
2381426,600,374,53
2384408,49,48,296
2385199,49,48,812
2385789,665,572,2
2385863,572,665,176
2387422,637,253,55
2389664,491,632,21
2390482,634,681,34
2391219,21,20,3
2391243,21,20,32
2391369,21,20,14
2391870,21,20,4
2394075,267,268,196
2394139,694,598,2
2394293,694,598,1
2394482,499,698,8
2394513,598,694,45
2394602,499,698,1
2394687,698,499,68
2394709,598,694,42
2395440,466,173,6
2398013,90,91,81
2398287,799,549,62
2399948,90,91,7
2400379,225,197,18
2401861,354,666,791
2402522,798,108,99
2403061,798,108,54
2404931,569,465,2
2405011,569,465,1
2405393,569,465,2
2405535,569,465,1
2405643,569,465,1
2405805,569,465,1
2405918,569,465,1
2406036,569,465,1
2406265,465,569,42
2407040,706,401,47
2407608,706,401,64
2407913,202,697,12
2408498,169,401,157
2409335,169,401,7
2409348,169,401,286
2410196,401,169,-1
2410437,169,401,244
2410946,169,401,71
2411108,169,401,20
2412958,546,139,83
2413081,546,139,83
2414934,706,401,78
2415585,218,382,48
2416059,561,631,13
2416368,323,392,4
2416399,323,392,3
